sap0101,2016-02-03,sail001,25000,INR,12,2016-06-03,C001,Mr
sap0102,2016-02-03,sail001,370000,INR,14,2016-06-03,C002,Mr
sap0103,2016-02-03,sail001,450000,INR,15,2016-06-03,C005,Mr
sap0104,2016-02-03,sail001,250000,INR,5,2016-06-03,C001,Mr
sap0105,2016-02-03,sail001,100000,INR,6,2016-06-03,C002,Mr
sap0106,2016-02-03,sail001,25000,INR,10,2016-06-03,C005,Mr
sap0107,2016-02-03,sail001,370000,INR,12,2016-06-03,C001,Mr
sap0108,2016-02-03,sail001,450000,INR,14,2016-06-03,C002,Mr
sap0109,2016-02-03,sail001,250000,INR,15,2016-06-03,C005,Mr
sap0110,2016-02-03,sail001,100000,INR,5,2016-06-03,C001,Mr
sap0111,2016-02-03,sail001,350000,INR,6,2016-06-03,C002,Mr
sap0112,2016-02-03,sail001,250000,INR,10,2016-06-03,C005,Mr
sap0113,2016-02-03,sail001,100000,INR,15,2016-06-03,C001,Mr
sap0114,2016-02-03,sail001,25000,INR,5,2016-06-03,C002,Mr
sap0115,2016-02-03,sail001,370000,INR,6,2016-06-03,C005,Mr
sap0116,2016-02-03,sail001,450000,INR,10,2016-06-03,C001,Mr
sap0117,2016-02-03,sail001,275000,INR,5,2016-06-03,C002,Mr
sap0118,2016-02-03,sail001,25000,INR,6,2016-06-03,C005,Mr
sap0119,2016-02-03,sail001,370000,INR,10,2016-06-03,C001,Mr
sap0120,2016-02-03,sail001,450000,INR,20,2016-06-03,C002,Mr
sap0121,2016-02-03,sail001,275000,INR,10,2016-06-03,C005,Mr
sap0122,2016-02-03,sail001,56000,INR,8,2016-06-03,C001,Mr
sap0123,2016-02-03,sail001,4566666,INR,12,2016-06-03,C002,Mr
sap0124,2016-02-03,sail001,2300000,INR,15,2016-06-03,C005,Mr
